scenario,transport,payload_bytes,concurrency,repetitions,source_files,throughput_messages_per_second,throughput_megabytes_per_second,p50_latency_ms,p95_latency_ms,p99_latency_ms,p95_inter_arrival_ms,inter_arrival_jitter_ms,duplicates,ordering_violations,pre_failure_throughput_msg_s,recovery_window_throughput_msg_s,post_recovery_throughput_msg_s,time_to_first_post_failure_message_ms,time_to_sustained_target_ms,throughput_debt_recovery_window_msg,recovery_window_p95_latency_ms,post_failure_duplicates,post_failure_ordering_violations,backlog_drain_ms
backpressure,batched-unary,1024,8,10,rq1-concept5-scenarios-no256k-20260616-synthetic-backpressure-summary-aggregated.csv;rq1-extra5-no256k-20260709-synthetic-backpressure-summary-aggregated.csv,3444.2494313068396,3.36352483526059,115.7976465,217.62374,232.17923849999997,1.5914255000000002,0.5738502563900031,0.0,0.0,,,,,,,,0.0,0.0,
backpressure,client-streaming,1024,8,10,rq1-concept5-scenarios-no256k-20260616-synthetic-backpressure-summary-aggregated.csv;rq1-extra5-no256k-20260709-synthetic-backpressure-summary-aggregated.csv,3363.09045942614,3.2842680267833453,1476.524057,1933.461645,2090.7597349999996,2.163466,0.706047743276238,0.0,0.0,,,,,,,,0.0,0.0,
backpressure,kafka,1024,8,10,rq1-concept5-scenarios-no256k-20260616-synthetic-backpressure-summary-aggregated.csv;rq1-extra5-no256k-20260709-synthetic-backpressure-summary-aggregated.csv,1347.2319518059649,1.315656202935515,3453.504838,10472.1113795,11312.613814,2.2963575,0.9613757232704601,84.5,0.0,,,,,,,,0.0,0.0,
backpressure,nats-jetstream,1024,8,10,rq1-extra5-no256k-20260709-synthetic-backpressure-summary-aggregated.csv;rq1-nats-fetchwait-20260621-synthetic-backpressure-summary-aggregated.csv,3039.569036484585,2.968329137191985,1796.8633295,3142.2169409999997,3503.2463304999997,2.1561104999999996,0.66138488850065,0.0,0.0,,,,,,,,0.0,0.0,
backpressure,rabbitmq-streams,1024,8,10,rq1-concept5-scenarios-no256k-20260616-synthetic-backpressure-summary-aggregated.csv;rq1-extra5-no256k-20260709-synthetic-backpressure-summary-aggregated.csv,3004.50584316783,2.934087737468585,1864.0240015,2572.9526180000003,2695.4196865000004,2.172892,0.70724621232485,0.0,0.0,,,,,,,,0.0,0.0,
backpressure,unary,1024,8,10,rq1-concept5-scenarios-no256k-20260616-synthetic-backpressure-summary-aggregated.csv;rq1-extra5-no256k-20260709-synthetic-backpressure-summary-aggregated.csv,2270.74976548903,2.2175290678603803,0.46728800000000004,1.05751,2.029495,3.1767584999999996,1.06852887124903,0.0,0.0,,,,,,,,0.0,0.0,
clean,batched-unary,256,1,10,rq1-concept5-clean-no256k-20260615-synthetic-clean-summary.csv;rq1-extra5-no256k-20260709-synthetic-clean-summary-aggregated.csv,50874.18312750053,12.420454865112434,0.7052487000000001,1.3360082,18.7919816,0.0006571999999999999,0.47415770273844193,0.0,0.0,,,,,,,,0.0,0.0,
clean,batched-unary,256,4,10,rq1-concept5-clean-no256k-20260615-synthetic-clean-summary.csv;rq1-extra5-no256k-20260709-synthetic-clean-summary-aggregated.csv,86526.34839588776,21.124596776339807,1.5839146000000002,6.8932902,36.378532899999996,0.0006666,0.3989129421979214,0.0,0.0,,,,,,,,0.0,0.0,
clean,batched-unary,256,8,10,rq1-concept5-clean-no256k-20260615-synthetic-clean-summary.csv;rq1-extra5-no256k-20260709-synthetic-clean-summary-aggregated.csv,101824.63529446434,24.85953010118759,1.974179,29.1466182,46.0384844,0.0006676000000000001,0.35423808305425253,0.0,0.0,,,,,,,,0.0,0.0,
clean,batched-unary,256,16,10,rq1-concept5-clean-no256k-20260615-synthetic-clean-summary.csv;rq1-extra5-no256k-20260709-synthetic-clean-summary-aggregated.csv,110346.29875861814,26.940014345365732,2.9213789,40.437645100000005,49.1172356,0.0007101000000000001,0.39041733940579904,0.0,0.0,,,,,,,,0.0,0.0,
clean,batched-unary,1024,1,10,rq1-concept5-clean-no256k-20260615-synthetic-clean-summary.csv;rq1-extra5-no256k-20260709-synthetic-clean-summary-aggregated.csv,34060.29948058903,33.262011211512736,1.1950242,2.9804014,19.9748801,0.0007151,0.5353773464612683,0.0,0.0,,,,,,,,0.0,0.0,
clean,batched-unary,1024,4,10,rq1-concept5-clean-no256k-20260615-synthetic-clean-summary.csv;rq1-extra5-no256k-20260709-synthetic-clean-summary-aggregated.csv,70252.52915450833,68.60598550244954,1.4007686,12.5471891,47.4286041,0.0006969,0.4858145225774023,0.0,0.0,,,,,,,,0.0,0.0,
clean,batched-unary,1024,8,10,rq1-concept5-clean-no256k-20260615-synthetic-clean-summary.csv;rq1-extra5-no256k-20260709-synthetic-clean-summary-aggregated.csv,73116.1229590426,71.40246382719008,2.587787,43.0390732,52.5821352,0.0007176999999999999,0.5322294670523403,0.0,0.0,,,,,,,,0.0,0.0,
clean,batched-unary,1024,16,10,rq1-concept5-clean-no256k-20260615-synthetic-clean-summary.csv;rq1-extra5-no256k-20260709-synthetic-clean-summary-aggregated.csv,70098.39633837799,68.45546517419727,4.2275052,59.2806662,63.92821719999999,0.0007434000000000001,0.5431649710206694,0.0,0.0,,,,,,,,0.0,0.0,
clean,batched-unary,4096,1,10,rq1-concept5-clean-no256k-20260615-synthetic-clean-summary.csv;rq1-extra5-no256k-20260709-synthetic-clean-summary-aggregated.csv,22985.316107928214,89.78639104659456,1.9285957,7.1849744,34.022846,0.0007152,0.7336826331263981,0.0,0.0,,,,,,,,0.0,0.0,
clean,batched-unary,4096,4,10,rq1-concept5-clean-no256k-20260615-synthetic-clean-summary.csv;rq1-extra5-no256k-20260709-synthetic-clean-summary-aggregated.csv,36308.776170556404,141.83115691623573,3.1365863000000003,41.4975862,59.042787700000005,0.000765,0.8152257975072708,0.0,0.0,,,,,,,,0.0,0.0,
clean,batched-unary,4096,8,10,rq1-concept5-clean-no256k-20260615-synthetic-clean-summary.csv;rq1-extra5-no256k-20260709-synthetic-clean-summary-aggregated.csv,41007.97221079591,160.18739144842155,5.5199055999999995,60.28203189999999,65.2270063,0.0007611,0.7683325315307765,0.0,0.0,,,,,,,,0.0,0.0,
clean,batched-unary,4096,16,10,rq1-concept5-clean-no256k-20260615-synthetic-clean-summary.csv;rq1-extra5-no256k-20260709-synthetic-clean-summary-aggregated.csv,40364.10001194283,157.6722656716516,12.407454999999999,79.8057576,93.4151586,0.0007591,0.8471639675944449,0.0,0.0,,,,,,,,0.0,0.0,
clean,batched-unary,16384,1,10,rq1-concept5-clean-no256k-20260615-synthetic-clean-summary.csv;rq1-extra5-no256k-20260709-synthetic-clean-summary-aggregated.csv,9335.264743073814,145.86351161052823,5.0423377,35.796818599999995,46.414655700000004,0.0006772999999999999,1.5179182318021058,0.0,0.0,,,,,,,,0.0,0.0,
clean,batched-unary,16384,4,10,rq1-concept5-clean-no256k-20260615-synthetic-clean-summary.csv;rq1-extra5-no256k-20260709-synthetic-clean-summary-aggregated.csv,12631.415454403903,197.36586647506118,17.2428189,68.2838487,84.6851901,0.0007861999999999999,1.638880137149782,0.0,0.0,,,,,,,,0.0,0.0,
clean,batched-unary,16384,8,10,rq1-concept5-clean-no256k-20260615-synthetic-clean-summary.csv;rq1-extra5-no256k-20260709-synthetic-clean-summary-aggregated.csv,13370.838965936093,208.91935884275136,41.5220167,93.68894,118.841039,0.000838,1.6198518665598367,0.0,0.0,,,,,,,,0.0,0.0,
clean,batched-unary,16384,16,10,rq1-concept5-clean-no256k-20260615-synthetic-clean-summary.csv;rq1-extra5-no256k-20260709-synthetic-clean-summary-aggregated.csv,12435.285655323376,194.30133836442766,98.4627566,248.4882432,272.3937846,0.0008499,1.6973236235956484,0.0,0.0,,,,,,,,0.0,0.0,
clean,client-streaming,256,1,10,rq1-concept5-clean-no256k-20260615-synthetic-clean-summary.csv;rq1-extra5-no256k-20260709-synthetic-clean-summary-aggregated.csv,102181.31229543823,24.946609447128445,4.2751946,17.279476,51.5672645,0.0024809000000000003,0.35294962796865476,0.0,0.0,,,,,,,,0.0,0.0,
clean,client-streaming,256,4,10,rq1-concept5-clean-no256k-20260615-synthetic-clean-summary.csv;rq1-extra5-no256k-20260709-synthetic-clean-summary-aggregated.csv,100738.8441356182,24.5944443690474,29.2922761,61.673920300000006,75.6343388,0.0026719,0.3219125469696972,0.0,0.0,,,,,,,,0.0,0.0,
clean,client-streaming,256,8,10,rq1-concept5-clean-no256k-20260615-synthetic-clean-summary.csv;rq1-extra5-no256k-20260709-synthetic-clean-summary-aggregated.csv,114764.63696233397,28.01871019588229,30.036240699999997,81.13268880000001,84.4012658,0.0029984,0.41341715575258925,0.0,0.0,,,,,,,,0.0,0.0,
clean,client-streaming,256,16,10,rq1-concept5-clean-no256k-20260615-synthetic-clean-summary.csv;rq1-extra5-no256k-20260709-synthetic-clean-summary-aggregated.csv,89428.32610231881,21.833087427323925,39.8954079,87.6102212,91.0223498,0.0034716000000000005,0.47101118392035196,0.0,0.0,,,,,,,,0.0,0.0,
clean,client-streaming,1024,1,10,rq1-concept5-clean-no256k-20260615-synthetic-clean-summary.csv;rq1-extra5-no256k-20260709-synthetic-clean-summary-aggregated.csv,70938.0516483979,69.27544106288859,2.0120445,37.7524254,53.71748699999999,0.0038615000000000003,0.518785981994922,0.0,0.0,,,,,,,,0.0,0.0,
clean,client-streaming,1024,4,10,rq1-concept5-clean-no256k-20260615-synthetic-clean-summary.csv;rq1-extra5-no256k-20260709-synthetic-clean-summary-aggregated.csv,73665.16569481695,71.93863837384467,35.3572589,92.68801189999999,112.79291579999999,0.004379699999999999,0.5695224043342499,0.0,0.0,,,,,,,,0.0,0.0,
clean,client-streaming,1024,8,10,rq1-concept5-clean-no256k-20260615-synthetic-clean-summary.csv;rq1-extra5-no256k-20260709-synthetic-clean-summary-aggregated.csv,65887.35603649708,64.34312112939168,35.1412839,94.07786469999999,102.7936546,0.0051107,0.6329092018996261,0.0,0.0,,,,,,,,0.0,0.0,
clean,client-streaming,1024,16,10,rq1-concept5-clean-no256k-20260615-synthetic-clean-summary.csv;rq1-extra5-no256k-20260709-synthetic-clean-summary-aggregated.csv,61662.75238466063,60.21753162564512,43.8633978,110.46077009999999,123.7731567,0.0067078,0.6181197811020415,0.0,0.0,,,,,,,,0.0,0.0,
clean,client-streaming,4096,1,10,rq1-concept5-clean-no256k-20260615-synthetic-clean-summary.csv;rq1-extra5-no256k-20260709-synthetic-clean-summary-aggregated.csv,29453.98104734712,115.05461346619968,2.2583679,40.0781813,62.389134999999996,0.0266436,0.9140556819244156,0.0,0.0,,,,,,,,0.0,0.0,
clean,client-streaming,4096,4,10,rq1-concept5-clean-no256k-20260615-synthetic-clean-summary.csv;rq1-extra5-no256k-20260709-synthetic-clean-summary-aggregated.csv,31524.20035935712,123.14140765373891,32.8844699,107.147931,120.4737245,0.015842799999999997,1.0524234767895515,0.0,0.0,,,,,,,,0.0,0.0,
clean,client-streaming,4096,8,10,rq1-concept5-clean-no256k-20260615-synthetic-clean-summary.csv;rq1-extra5-no256k-20260709-synthetic-clean-summary-aggregated.csv,30307.324406690477,118.38798596363445,74.7495916,140.88339409999998,194.5619724,0.0147219,1.0312341165341885,0.0,0.0,,,,,,,,0.0,0.0,
clean,client-streaming,4096,16,10,rq1-concept5-clean-no256k-20260615-synthetic-clean-summary.csv;rq1-extra5-no256k-20260709-synthetic-clean-summary-aggregated.csv,28425.50579682655,111.03713201885355,87.6419846,193.07268870000001,232.7699427,0.023154,1.0450575968649518,0.0,0.0,,,,,,,,0.0,0.0,
clean,client-streaming,16384,1,10,rq1-concept5-clean-no256k-20260615-synthetic-clean-summary.csv;rq1-extra5-no256k-20260709-synthetic-clean-summary-aggregated.csv,10287.197069256626,160.73745420713473,2.2128024,36.8490448,69.46696490000001,0.1800908,1.7205228526585963,0.0,0.0,,,,,,,,0.0,0.0,
clean,client-streaming,16384,4,10,rq1-concept5-clean-no256k-20260615-synthetic-clean-summary.csv;rq1-extra5-no256k-20260709-synthetic-clean-summary-aggregated.csv,14021.975900431999,219.09337344425003,55.9733617,106.4888168,144.1356648,0.0911964,1.4721143942010708,0.0,0.0,,,,,,,,0.0,0.0,
clean,client-streaming,16384,8,10,rq1-concept5-clean-no256k-20260615-synthetic-clean-summary.csv;rq1-extra5-no256k-20260709-synthetic-clean-summary-aggregated.csv,13835.77408007612,216.18397000118952,118.15327520000001,259.0316613,306.5575298,0.0881753,1.424273903499768,0.0,0.0,,,,,,,,0.0,0.0,
clean,client-streaming,16384,16,10,rq1-concept5-clean-no256k-20260615-synthetic-clean-summary.csv;rq1-extra5-no256k-20260709-synthetic-clean-summary-aggregated.csv,13507.082743147015,211.0481678616723,132.7240842,254.58929819999997,303.7941619,0.0862106,1.4782825814535991,0.0,0.0,,,,,,,,0.0,0.0,
clean,kafka,256,1,10,rq1-concept5-clean-no256k-20260615-synthetic-clean-summary.csv;rq1-extra5-no256k-20260709-synthetic-clean-summary-aggregated.csv,20145.59211769828,4.91835745060993,125.6564921,176.6952612,184.6643477,0.0039064,1.4605696418345544,0.0,0.0,,,,,,,,0.0,0.0,
clean,kafka,256,4,10,rq1-concept5-clean-no256k-20260615-synthetic-clean-summary.csv;rq1-extra5-no256k-20260709-synthetic-clean-summary-aggregated.csv,16876.201736185987,4.120166439498536,272.3551352,543.038784,600.7834323,0.0038816000000000002,1.5948453273764074,0.0,0.0,,,,,,,,0.0,0.0,
clean,kafka,256,8,10,rq1-concept5-clean-no256k-20260615-synthetic-clean-summary.csv;rq1-extra5-no256k-20260709-synthetic-clean-summary-aggregated.csv,17270.29354360757,4.216380259669822,348.7188069,562.6289265,645.9549089999999,0.0043924,1.497585149700076,0.0,0.0,,,,,,,,0.0,0.0,
clean,kafka,256,16,10,rq1-concept5-clean-no256k-20260615-synthetic-clean-summary.csv;rq1-extra5-no256k-20260709-synthetic-clean-summary-aggregated.csv,15650.892960321182,3.82101878914091,434.1042136,934.3444898000001,1001.5537452000001,0.004907,3.2311895521526295,0.0,0.0,,,,,,,,0.0,0.0,
clean,kafka,1024,1,10,rq1-concept5-clean-no256k-20260615-synthetic-clean-summary.csv;rq1-extra5-no256k-20260709-synthetic-clean-summary-aggregated.csv,16881.79151921657,16.486124530484933,121.34555730000002,191.402348,224.18174549999998,0.0054397000000000004,1.398981810298863,0.0,0.0,,,,,,,,0.0,0.0,
clean,kafka,1024,4,10,rq1-concept5-clean-no256k-20260615-synthetic-clean-summary.csv;rq1-extra5-no256k-20260709-synthetic-clean-summary-aggregated.csv,13889.140925964175,13.563614185511906,331.7355872,642.8352417,701.5485378999999,0.006283700000000001,1.6202658095437876,0.0,0.0,,,,,,,,0.0,0.0,
clean,kafka,1024,8,10,rq1-concept5-clean-no256k-20260615-synthetic-clean-summary.csv;rq1-extra5-no256k-20260709-synthetic-clean-summary-aggregated.csv,15332.187628064212,14.972839480531452,477.2771348,714.3661818,830.3505163,0.0058465999999999995,1.678801474871173,0.0,0.0,,,,,,,,0.0,0.0,
clean,kafka,1024,16,10,rq1-concept5-clean-no256k-20260615-synthetic-clean-summary.csv;rq1-extra5-no256k-20260709-synthetic-clean-summary-aggregated.csv,11837.31475627631,11.55987769167608,549.3712651,1364.3112434999998,1496.4647987,0.0057672,4.678215150130723,0.0,0.0,,,,,,,,0.0,0.0,
clean,kafka,4096,1,10,rq1-concept5-clean-no256k-20260615-synthetic-clean-summary.csv;rq1-extra5-no256k-20260709-synthetic-clean-summary-aggregated.csv,9759.794207169416,38.124196121755524,84.0092981,140.18925240000002,181.2818334,0.0162438,1.7411253728720897,0.0,0.0,,,,,,,,0.0,0.0,
clean,kafka,4096,4,10,rq1-concept5-clean-no256k-20260615-synthetic-clean-summary.csv;rq1-extra5-no256k-20260709-synthetic-clean-summary-aggregated.csv,10416.20708995165,40.68830894512372,375.6295427,867.8504401,922.1282828,0.014524800000000001,1.8719470588170772,0.0,0.0,,,,,,,,0.0,0.0,
clean,kafka,4096,8,10,rq1-concept5-clean-no256k-20260615-synthetic-clean-summary.csv;rq1-extra5-no256k-20260709-synthetic-clean-summary-aggregated.csv,10031.468050479423,39.185422072185155,629.0885492,1099.4034333,1223.71756,0.0185132,1.7470335961741335,0.5,0.0,,,,,,,,0.0,0.0,
clean,kafka,4096,16,10,rq1-concept5-clean-no256k-20260615-synthetic-clean-summary.csv;rq1-extra5-no256k-20260709-synthetic-clean-summary-aggregated.csv,8558.325843724127,33.43096032704738,725.26171,1681.5456395999997,1939.0273682,0.0128461,5.129906483553836,0.0,0.0,,,,,,,,0.0,0.0,
clean,kafka,16384,1,10,rq1-concept5-clean-no256k-20260615-synthetic-clean-summary.csv;rq1-extra5-no256k-20260709-synthetic-clean-summary-aggregated.csv,3331.0240291881664,52.0472504560651,31.626493699999997,95.4686725,114.86286079999999,0.18387550000000003,2.3858724421552666,0.0,0.0,,,,,,,,0.0,0.0,
clean,kafka,16384,4,10,rq1-concept5-clean-no256k-20260615-synthetic-clean-summary.csv;rq1-extra5-no256k-20260709-synthetic-clean-summary-aggregated.csv,3527.0502802688725,55.11016062920116,408.7004869,1983.9708372,2172.2559166,0.20157319999999998,3.293479284121447,4.6,0.0,,,,,,,,0.0,0.0,
clean,kafka,16384,8,10,rq1-concept5-clean-no256k-20260615-synthetic-clean-summary.csv;rq1-extra5-no256k-20260709-synthetic-clean-summary-aggregated.csv,3745.9893798871444,58.531084060736625,712.0760326,2015.1503842999998,2301.4734697,0.1681849,3.668352308494259,1.5,0.0,,,,,,,,0.0,0.0,
clean,kafka,16384,16,10,rq1-concept5-clean-no256k-20260615-synthetic-clean-summary.csv;rq1-extra5-no256k-20260709-synthetic-clean-summary-aggregated.csv,3449.5205211114917,53.89875814236702,4456.078253199999,5977.733626200001,6629.022731300001,0.1010747,7.246677026376057,3.9,0.0,,,,,,,,0.0,0.0,
clean,nats-jetstream,256,1,10,rq1-extra5-no256k-20260709-synthetic-clean-summary-aggregated.csv;rq1-nats-fetchwait-20260621-synthetic-clean-summary-aggregated.csv,16616.75389143555,4.05682468052626,422.361089,648.1755159999999,660.001655,0.0076834999999999985,0.6387652991405005,0.0,0.0,,,,,,,,0.0,0.0,
clean,nats-jetstream,256,4,10,rq1-extra5-no256k-20260709-synthetic-clean-summary-aggregated.csv;rq1-nats-fetchwait-20260621-synthetic-clean-summary-aggregated.csv,20470.03794978755,4.99756785883486,359.2293745,561.1789940000001,594.944803,0.005691,0.7139140133970775,0.0,0.0,,,,,,,,0.0,0.0,
clean,nats-jetstream,256,8,10,rq1-extra5-no256k-20260709-synthetic-clean-summary-aggregated.csv;rq1-nats-fetchwait-20260621-synthetic-clean-summary-aggregated.csv,18883.85817876395,4.61031693817479,427.21643000000006,674.461548,736.64598,0.0055735,0.7456912116515555,0.0,0.0,,,,,,,,0.0,0.0,
clean,nats-jetstream,256,16,10,rq1-extra5-no256k-20260709-synthetic-clean-summary-aggregated.csv;rq1-nats-fetchwait-20260621-synthetic-clean-summary-aggregated.csv,20449.46303378765,4.9925446859833205,472.64045000000004,663.9916575,730.1182204999999,0.006071999999999999,0.6985675222365465,0.0,0.0,,,,,,,,0.0,0.0,
clean,nats-jetstream,1024,1,10,rq1-extra5-no256k-20260709-synthetic-clean-summary-aggregated.csv;rq1-nats-fetchwait-20260621-synthetic-clean-summary-aggregated.csv,14211.379815998149,13.8783006015607,456.345053,740.448052,779.7069935000001,0.009224,0.8708838465212828,0.0,0.0,,,,,,,,0.0,0.0,
clean,nats-jetstream,1024,4,10,rq1-extra5-no256k-20260709-synthetic-clean-summary-aggregated.csv;rq1-nats-fetchwait-20260621-synthetic-clean-summary-aggregated.csv,16786.58214138075,16.393146622442153,474.05394749999994,719.6463470000001,752.826693,0.0072625,0.8231036039297445,0.0,0.0,,,,,,,,0.0,0.0,
clean,nats-jetstream,1024,8,10,rq1-extra5-no256k-20260709-synthetic-clean-summary-aggregated.csv;rq1-nats-fetchwait-20260621-synthetic-clean-summary-aggregated.csv,17688.9445332728,17.2743598957742,467.5739625,710.3031465,739.5232255,0.0070885,0.7796798129911829,0.0,0.0,,,,,,,,0.0,0.0,
clean,nats-jetstream,1024,16,10,rq1-extra5-no256k-20260709-synthetic-clean-summary-aggregated.csv;rq1-nats-fetchwait-20260621-synthetic-clean-summary-aggregated.csv,17979.2797560009,17.557890386719652,463.67923199999996,680.9418095000001,767.6007884999999,0.0072440000000000004,0.8266268825349204,0.0,0.0,,,,,,,,0.0,0.0,
clean,nats-jetstream,4096,1,10,rq1-extra5-no256k-20260709-synthetic-clean-summary-aggregated.csv;rq1-nats-fetchwait-20260621-synthetic-clean-summary-aggregated.csv,10002.652426324614,39.072861040330494,576.083131,997.5442650000001,1046.851872,0.0231445,1.0060809122194914,0.0,0.0,,,,,,,,0.0,0.0,
clean,nats-jetstream,4096,4,10,rq1-extra5-no256k-20260709-synthetic-clean-summary-aggregated.csv;rq1-nats-fetchwait-20260621-synthetic-clean-summary-aggregated.csv,12560.9986108963,49.06640082381371,559.720944,897.3349089999999,973.5194935,0.012765000000000002,0.9391750304716024,0.0,0.0,,,,,,,,0.0,0.0,
clean,nats-jetstream,4096,8,10,rq1-extra5-no256k-20260709-synthetic-clean-summary-aggregated.csv;rq1-nats-fetchwait-20260621-synthetic-clean-summary-aggregated.csv,13286.287027427901,51.8995587008902,601.730972,848.7956735,914.2846764999998,0.011099500000000002,1.0430759848768,0.0,0.0,,,,,,,,0.0,0.0,
clean,nats-jetstream,4096,16,10,rq1-extra5-no256k-20260709-synthetic-clean-summary-aggregated.csv;rq1-nats-fetchwait-20260621-synthetic-clean-summary-aggregated.csv,12863.153749470799,50.246694333870344,709.801479,985.4774255,1073.107249,0.011968,1.2760134300116601,0.0,0.0,,,,,,,,0.0,0.0,
clean,nats-jetstream,16384,1,10,rq1-extra5-no256k-20260709-synthetic-clean-summary-aggregated.csv;rq1-nats-fetchwait-20260621-synthetic-clean-summary-aggregated.csv,4819.34774993982,75.30230859280964,1347.725755,2015.601571,2108.4443325,0.12859150000000003,1.7739625694132202,0.0,0.0,,,,,,,,0.0,0.0,
clean,nats-jetstream,16384,4,10,rq1-extra5-no256k-20260709-synthetic-clean-summary-aggregated.csv;rq1-nats-fetchwait-20260621-synthetic-clean-summary-aggregated.csv,5525.166982068125,86.33073409481446,1364.5524440000002,2076.9363825,2176.680489,0.059052499999999994,1.9785582302978049,0.0,0.0,,,,,,,,0.0,0.0,
clean,nats-jetstream,16384,8,10,rq1-extra5-no256k-20260709-synthetic-clean-summary-aggregated.csv;rq1-nats-fetchwait-20260621-synthetic-clean-summary-aggregated.csv,5996.77462895866,93.69960357747895,1333.9466115,2048.9086445000003,2113.7682045,0.04851,2.301468023626595,0.0,0.0,,,,,,,,0.0,0.0,
clean,nats-jetstream,16384,16,10,rq1-extra5-no256k-20260709-synthetic-clean-summary-aggregated.csv;rq1-nats-fetchwait-20260621-synthetic-clean-summary-aggregated.csv,5236.172467668455,81.81519480731961,1789.6771039999999,2577.1385240000004,2804.2754415,0.050361,2.728367818153715,0.0,0.0,,,,,,,,0.0,0.0,
clean,rabbitmq-streams,256,1,10,rq1-concept5-clean-no256k-20260615-synthetic-clean-summary.csv;rq1-extra5-no256k-20260709-synthetic-clean-summary-aggregated.csv,19183.138981845503,4.683383540489629,145.4733391,249.22948260000004,261.8052434,0.0052829,0.7069966115507651,0.0,0.0,,,,,,,,0.0,0.0,
clean,rabbitmq-streams,256,4,10,rq1-concept5-clean-no256k-20260615-synthetic-clean-summary.csv;rq1-extra5-no256k-20260709-synthetic-clean-summary-aggregated.csv,25848.035273425652,6.310555486676184,181.3156607,320.1398653,339.6542121,0.0025155,0.7103520311785161,0.0,0.0,,,,,,,,0.0,0.0,
clean,rabbitmq-streams,256,8,10,rq1-concept5-clean-no256k-20260615-synthetic-clean-summary.csv;rq1-extra5-no256k-20260709-synthetic-clean-summary-aggregated.csv,24362.204718916968,5.94780388645434,204.2824282,336.117919,361.3289443,0.0025398,0.5948562790304346,0.0,0.0,,,,,,,,0.0,0.0,
clean,rabbitmq-streams,256,16,10,rq1-concept5-clean-no256k-20260615-synthetic-clean-summary.csv;rq1-extra5-no256k-20260709-synthetic-clean-summary-aggregated.csv,20817.79023425295,5.082468318909406,219.33791549999995,404.62813109999996,466.07279589999996,0.0028610000000000003,0.6046548758430373,0.0,0.0,,,,,,,,0.0,0.0,
clean,rabbitmq-streams,1024,1,10,rq1-concept5-clean-no256k-20260615-synthetic-clean-summary.csv;rq1-extra5-no256k-20260709-synthetic-clean-summary-aggregated.csv,16007.942185663642,15.632756040687166,233.45205879999997,393.7261823,408.9397955,0.0082264,1.119156620086096,0.0,0.0,,,,,,,,0.0,0.0,
clean,rabbitmq-streams,1024,4,10,rq1-concept5-clean-no256k-20260615-synthetic-clean-summary.csv;rq1-extra5-no256k-20260709-synthetic-clean-summary-aggregated.csv,18029.73968841838,17.607167664471067,282.85489629999995,444.37827500000003,476.94828039999993,0.0034629,0.9591034683483984,0.0,0.0,,,,,,,,0.0,0.0,
clean,rabbitmq-streams,1024,8,10,rq1-concept5-clean-no256k-20260615-synthetic-clean-summary.csv;rq1-extra5-no256k-20260709-synthetic-clean-summary-aggregated.csv,19021.32244308308,18.57551019832332,262.00316349999997,455.4327002,481.3536244,0.0028066000000000002,0.8231465876164117,0.0,0.0,,,,,,,,0.0,0.0,
clean,rabbitmq-streams,1024,16,10,rq1-concept5-clean-no256k-20260615-synthetic-clean-summary.csv;rq1-extra5-no256k-20260709-synthetic-clean-summary-aggregated.csv,18410.33466386246,17.97884244517821,262.75398129999996,453.44993999999997,542.3240671,0.003105,0.6985054364726779,0.0,0.0,,,,,,,,0.0,0.0,
clean,rabbitmq-streams,4096,1,10,rq1-concept5-clean-no256k-20260615-synthetic-clean-summary.csv;rq1-extra5-no256k-20260709-synthetic-clean-summary-aggregated.csv,8737.346300713649,34.130258987162684,315.9988093,580.8089632,599.2489977,0.0241555,1.4631127224120788,0.0,0.0,,,,,,,,0.0,0.0,
clean,rabbitmq-streams,4096,4,10,rq1-concept5-clean-no256k-20260615-synthetic-clean-summary.csv;rq1-extra5-no256k-20260709-synthetic-clean-summary-aggregated.csv,10662.544611908728,41.650564890268555,486.57559520000007,696.4353223,729.8914020999999,0.0064892000000000005,1.6149003304722083,0.0,0.0,,,,,,,,0.0,0.0,
clean,rabbitmq-streams,4096,8,10,rq1-concept5-clean-no256k-20260615-synthetic-clean-summary.csv;rq1-extra5-no256k-20260709-synthetic-clean-summary-aggregated.csv,10284.919141497357,40.175465396474046,526.559799,965.2173987,1001.9892006,0.0050602,1.4789851467069421,0.0,0.0,,,,,,,,0.0,0.0,
clean,rabbitmq-streams,4096,16,10,rq1-concept5-clean-no256k-20260615-synthetic-clean-summary.csv;rq1-extra5-no256k-20260709-synthetic-clean-summary-aggregated.csv,10622.256927480297,41.49319112296983,562.0318453,795.2810987,866.4658565,0.004961200000000001,1.4141775343932383,0.0,0.0,,,,,,,,0.0,0.0,
clean,rabbitmq-streams,16384,1,10,rq1-concept5-clean-no256k-20260615-synthetic-clean-summary.csv;rq1-extra5-no256k-20260709-synthetic-clean-summary-aggregated.csv,3027.2682503181736,47.30106641122145,845.5408815000001,1977.8590355000001,2012.0390031000002,0.2313313,2.714299447545568,0.0,0.0,,,,,,,,0.0,0.0,
clean,rabbitmq-streams,16384,4,10,rq1-concept5-clean-no256k-20260615-synthetic-clean-summary.csv;rq1-extra5-no256k-20260709-synthetic-clean-summary-aggregated.csv,4691.471209687628,73.30423765136919,1190.6398874000001,1540.7614329,1566.9901485,0.0474605,2.4399320182863002,0.0,0.0,,,,,,,,0.0,0.0,
clean,rabbitmq-streams,16384,8,10,rq1-concept5-clean-no256k-20260615-synthetic-clean-summary.csv;rq1-extra5-no256k-20260709-synthetic-clean-summary-aggregated.csv,4530.006204974316,70.78134695272368,1639.2094029,1958.8360529000001,2020.1598453,0.0287752,2.783884542713608,0.0,0.0,,,,,,,,0.0,0.0,
clean,rabbitmq-streams,16384,16,10,rq1-concept5-clean-no256k-20260615-synthetic-clean-summary.csv;rq1-extra5-no256k-20260709-synthetic-clean-summary-aggregated.csv,4131.885378436507,64.56070903807039,1939.1005088000002,2396.9143925,2459.535136,0.0080384,3.1704169609713797,0.0,0.0,,,,,,,,0.0,0.0,
clean,unary,256,1,10,rq1-concept5-clean-no256k-20260615-synthetic-clean-summary.csv;rq1-extra5-no256k-20260709-synthetic-clean-summary-aggregated.csv,932.8730675509618,0.2277522137575593,0.2781009,0.7340145,3.8488778000000003,1.6203712,3.522470842098854,0.0,0.0,,,,,,,,0.0,0.0,
clean,unary,256,4,10,rq1-concept5-clean-no256k-20260615-synthetic-clean-summary.csv;rq1-extra5-no256k-20260709-synthetic-clean-summary-aggregated.csv,2844.3757769039426,0.6944276799081888,0.3678768,1.0020997,11.983466400000001,0.7871732,2.315188746495804,0.0,0.0,,,,,,,,0.0,0.0,
clean,unary,256,8,10,rq1-concept5-clean-no256k-20260615-synthetic-clean-summary.csv;rq1-extra5-no256k-20260709-synthetic-clean-summary-aggregated.csv,4191.323204252261,1.02327226666315,0.4619664,1.4979026999999998,14.8190752,0.7799799000000001,2.1768779355780428,0.0,0.0,,,,,,,,0.0,0.0,
clean,unary,256,16,10,rq1-concept5-clean-no256k-20260615-synthetic-clean-summary.csv;rq1-extra5-no256k-20260709-synthetic-clean-summary-aggregated.csv,6251.7185882968415,1.5262984834709086,0.5397383,2.0867392000000002,33.544293499999995,0.5306934,2.147608522571052,0.0,0.0,,,,,,,,0.0,0.0,
clean,unary,1024,1,10,rq1-concept5-clean-no256k-20260615-synthetic-clean-summary.csv;rq1-extra5-no256k-20260709-synthetic-clean-summary-aggregated.csv,966.3530952597903,0.9437041945896392,0.2581773,0.48950879999999997,1.9821782,0.9503197,3.800460142869812,0.0,0.0,,,,,,,,0.0,0.0,
clean,unary,1024,4,10,rq1-concept5-clean-no256k-20260615-synthetic-clean-summary.csv;rq1-extra5-no256k-20260709-synthetic-clean-summary-aggregated.csv,2542.221597342125,2.482638278654418,0.36063839999999997,1.2050944,14.974495300000001,0.8006426000000001,2.6071946271384188,0.0,0.0,,,,,,,,0.0,0.0,
clean,unary,1024,8,10,rq1-concept5-clean-no256k-20260615-synthetic-clean-summary.csv;rq1-extra5-no256k-20260709-synthetic-clean-summary-aggregated.csv,4150.236893886251,4.052965716685794,0.4476797,1.4524118,32.1536804,0.7076228,2.2197720377535277,0.0,0.0,,,,,,,,0.0,0.0,
clean,unary,1024,16,10,rq1-concept5-clean-no256k-20260615-synthetic-clean-summary.csv;rq1-extra5-no256k-20260709-synthetic-clean-summary-aggregated.csv,5631.820129000205,5.499824344726759,0.48789059999999995,1.8694878,44.633611499999994,0.4223186,2.2421162812351376,0.0,0.0,,,,,,,,0.0,0.0,
clean,unary,4096,1,10,rq1-concept5-clean-no256k-20260615-synthetic-clean-summary.csv;rq1-extra5-no256k-20260709-synthetic-clean-summary-aggregated.csv,987.5518277780902,3.857624327258167,0.27735760000000004,0.7026321,2.519032,1.3482831,3.4880307110517235,0.0,0.0,,,,,,,,0.0,0.0,
clean,unary,4096,4,10,rq1-concept5-clean-no256k-20260615-synthetic-clean-summary.csv;rq1-extra5-no256k-20260709-synthetic-clean-summary-aggregated.csv,2506.883675003407,9.792514355482037,0.38444090000000003,0.8791874,19.2555078,0.7400422,2.7594320684245397,0.0,0.0,,,,,,,,0.0,0.0,
clean,unary,4096,8,10,rq1-concept5-clean-no256k-20260615-synthetic-clean-summary.csv;rq1-extra5-no256k-20260709-synthetic-clean-summary-aggregated.csv,3772.9683159086585,14.738157484018194,0.45714119999999997,1.2113527,28.6043285,0.6969658,2.4321564318506246,0.0,0.0,,,,,,,,0.0,0.0,
clean,unary,4096,16,10,rq1-concept5-clean-no256k-20260615-synthetic-clean-summary.csv;rq1-extra5-no256k-20260709-synthetic-clean-summary-aggregated.csv,4994.61558976809,19.5102171475316,0.5745108,2.4317101,52.6615474,0.4936777,2.4819178681422387,0.0,0.0,,,,,,,,0.0,0.0,
clean,unary,16384,1,10,rq1-concept5-clean-no256k-20260615-synthetic-clean-summary.csv;rq1-extra5-no256k-20260709-synthetic-clean-summary-aggregated.csv,853.6382531442918,13.338097705379544,0.3038571,0.64225,7.251455300000001,1.2261502,3.8717582529968695,0.0,0.0,,,,,,,,0.0,0.0,
clean,unary,16384,4,10,rq1-concept5-clean-no256k-20260615-synthetic-clean-summary.csv;rq1-extra5-no256k-20260709-synthetic-clean-summary-aggregated.csv,2096.9551426498942,32.7649241039046,0.4894899,1.6440743000000002,20.2265895,0.9551748,3.079338712748937,0.0,0.0,,,,,,,,0.0,0.0,
clean,unary,16384,8,10,rq1-concept5-clean-no256k-20260615-synthetic-clean-summary.csv;rq1-extra5-no256k-20260709-synthetic-clean-summary-aggregated.csv,2580.4661556915294,40.31978368268013,0.6174579,3.0264001,36.0431278,0.8784476999999999,2.6777470320422823,0.0,0.0,,,,,,,,0.0,0.0,
clean,unary,16384,16,10,rq1-concept5-clean-no256k-20260615-synthetic-clean-summary.csv;rq1-extra5-no256k-20260709-synthetic-clean-summary-aggregated.csv,3758.8154573251622,58.731491520705696,0.7871446,4.6970289,53.814108399999995,0.5774239999999999,2.6994358927104676,0.0,0.0,,,,,,,,0.0,0.0,
continuous,batched-unary,1024,4,10,rq1-concept5-scenarios-no256k-20260616-synthetic-continuous-summary-aggregated.csv;rq1-extra5-no256k-20260709-synthetic-continuous-summary-aggregated.csv,1050.758518555865,1.02613136577721,185.4644455,376.151474,393.6254365,0.0007765000000000001,13.301252749912049,0.0,0.0,,,,,,,,0.0,0.0,
continuous,batched-unary,1024,8,10,rq1-concept5-scenarios-no256k-20260616-synthetic-continuous-summary-aggregated.csv;rq1-extra5-no256k-20260709-synthetic-continuous-summary-aggregated.csv,976.294576912533,0.9534126727661434,368.810513,759.4228230000001,2277.4377915,0.0007765000000000001,19.4198194369758,0.0,0.0,,,,,,,,0.0,0.0,
continuous,client-streaming,1024,4,10,rq1-concept5-scenarios-no256k-20260616-synthetic-continuous-summary-aggregated.csv;rq1-extra5-no256k-20260709-synthetic-continuous-summary-aggregated.csv,975.413651308669,0.952552393856125,0.269542,7.804522,13.128846,1.6035795,0.6826482766101835,0.0,0.0,,,,,,,,0.0,0.0,
continuous,client-streaming,1024,8,10,rq1-concept5-scenarios-no256k-20260616-synthetic-continuous-summary-aggregated.csv;rq1-extra5-no256k-20260709-synthetic-continuous-summary-aggregated.csv,977.2762929928755,0.9543713798758529,0.2764455,5.9535335,12.413407000000001,1.6687395000000003,0.7078010747563874,0.0,0.0,,,,,,,,0.0,0.0,
continuous,kafka,1024,4,10,rq1-concept5-scenarios-no256k-20260616-synthetic-continuous-summary-aggregated.csv;rq1-extra5-no256k-20260709-synthetic-continuous-summary-aggregated.csv,972.1288662430545,0.9493445959404806,169.57587949999999,355.36783649999995,420.021754,0.013356500000000002,8.18101143890944,0.0,0.0,,,,,,,,0.0,0.0,
continuous,kafka,1024,8,10,rq1-concept5-scenarios-no256k-20260616-synthetic-continuous-summary-aggregated.csv;rq1-extra5-no256k-20260709-synthetic-continuous-summary-aggregated.csv,975.1060313933906,0.9522519837826074,237.59010800000001,377.4956885,1842.3341399999997,0.0233345,8.16772014251195,2.5,0.0,,,,,,,,0.0,0.0,
continuous,nats-jetstream,1024,4,10,rq1-extra5-no256k-20260709-synthetic-continuous-summary-aggregated.csv;rq1-nats-fetchwait-20260621-synthetic-continuous-summary-aggregated.csv,994.9466409536395,0.9716275790562859,0.8852335,30.774686999999993,63.9086375,2.130612,1.003901268823168,0.0,0.0,,,,,,,,0.0,0.0,
continuous,nats-jetstream,1024,8,10,rq1-extra5-no256k-20260709-synthetic-continuous-summary-aggregated.csv;rq1-nats-fetchwait-20260621-synthetic-continuous-summary-aggregated.csv,984.8261240294299,0.9617442617474922,0.9184265,39.5722145,81.71696,2.1695900000000004,1.0634053654141904,0.0,0.0,,,,,,,,0.0,0.0,
continuous,rabbitmq-streams,1024,4,10,rq1-concept5-scenarios-no256k-20260616-synthetic-continuous-summary-aggregated.csv;rq1-extra5-no256k-20260709-synthetic-continuous-summary-aggregated.csv,999.9684626281621,0.9765317017853136,4.733003,31.4297095,224.9421325,2.848332,1.271541406956275,0.0,0.0,,,,,,,,0.0,0.0,
continuous,rabbitmq-streams,1024,8,10,rq1-concept5-scenarios-no256k-20260616-synthetic-continuous-summary-aggregated.csv;rq1-extra5-no256k-20260709-synthetic-continuous-summary-aggregated.csv,1054.2776456075849,1.0295680132886549,4.4623165,44.935255500000004,239.92995000000002,2.769489,1.73382780378098,0.0,0.0,,,,,,,,0.0,0.0,
continuous,unary,1024,4,10,rq1-concept5-scenarios-no256k-20260616-synthetic-continuous-summary-aggregated.csv;rq1-extra5-no256k-20260709-synthetic-continuous-summary-aggregated.csv,975.7212699471305,0.9528528026827461,0.355106,0.7905055000000001,2.091474,2.065005,1.15214304635045,0.0,0.0,,,,,,,,0.0,0.0,
continuous,unary,1024,8,10,rq1-concept5-scenarios-no256k-20260616-synthetic-continuous-summary-aggregated.csv;rq1-extra5-no256k-20260709-synthetic-continuous-summary-aggregated.csv,974.0344855254282,0.9512055522709254,0.369066,1.0007730000000001,2.9093725,2.0974385,1.010479763056105,0.0,0.0,,,,,,,,0.0,0.0,
recovery,batched-unary,4096,8,10,rq1-concept5-scenarios-no256k-20260616-synthetic-recovery-summary-aggregated.csv;rq1-extra5-no256k-20260709-synthetic-recovery-summary-aggregated.csv,1852.0551384874198,7.234590384716486,176.479114,383.2069515,2848.5554715,0.0008565,14.9644950235681,0.0,0.0,2054.0428259835703,1840.0,1831.369872610235,2040.2887804999998,1500.0,3550.0,396.5107065,0.0,0.0,24115.665718
recovery,client-streaming,4096,8,10,rq1-concept5-scenarios-no256k-20260616-synthetic-recovery-summary-aggregated.csv;rq1-extra5-no256k-20260709-synthetic-recovery-summary-aggregated.csv,1629.8133893189001,6.366458552026939,0.28721699999999994,2.1099075,9.078109000000001,1.5184315000000002,0.704578945878872,10462.0,0.0,2686.71293596103,652.65,2009.22252240036,0.879571,8500.0,13474.5,1.284099,10462.0,0.0,27769.052086499996
recovery,kafka,4096,8,10,rq1-concept5-scenarios-no256k-20260616-synthetic-recovery-summary-aggregated.csv;rq1-extra5-no256k-20260709-synthetic-recovery-summary-aggregated.csv,1416.2821247053198,5.53235204963016,18549.9721005,30568.175315,31509.285035,0.0102685,134.0397825213945,97.5,0.0,2359.285172497695,0.0,1964.819553920345,30840.902136500004,,20000.0,,97.5,0.0,32377.34447
recovery,nats-jetstream,4096,8,10,rq1-extra5-no256k-20260709-synthetic-recovery-summary-aggregated.csv;rq1-nats-fetchwait-20260621-synthetic-recovery-summary-aggregated.csv,395.0856731885895,1.5433034108929249,2.5299199999999997,209.289651,912.355768,1.8063744999999998,436.2533703287971,0.0,8.0,2154.000857859025,1917.85,216.115437061379,186.782712,5000.0,2753.0,701.8122265,0.0,8.0,123704.736296
recovery,rabbitmq-streams,4096,8,10,rq1-concept5-scenarios-no256k-20260616-synthetic-recovery-summary-aggregated.csv;rq1-extra5-no256k-20260709-synthetic-recovery-summary-aggregated.csv,1838.5146160039046,7.181697718765244,3023.734423,5164.698818999999,5517.5182835,1.7668775,4.69730773513648,909.5,0.0,1987.73788182067,1609.5,2057.1928605595103,324.4021265,5500.0,4185.5,2943.1871135,909.5,0.0,24242.6180475
recovery,unary,4096,8,10,rq1-concept5-scenarios-no256k-20260616-synthetic-recovery-summary-aggregated.csv;rq1-extra5-no256k-20260709-synthetic-recovery-summary-aggregated.csv,1819.4696733784851,7.107303411634706,0.4453889999999999,6.262956999999999,40.2250175,0.8405515000000001,12.7225322103466,0.0,0.0,2189.59210513362,1640.95,1900.6426705612998,2013.2403039999997,7000.0,5634.0,4.6916745,0.0,0.0,24558.622382999998
